{"is_source_file": false, "format": "", "description": "", "external_files": [], "external_methods": [], "published": [], "classes": [], "methods": [], "calls": [], "search-terms": ["HTML", "Database Viewer UI", "index.html", "frontend", "UI structure", "JavaScript functions", "Responsive design", "Data visualization", "DOM manipulation"], "state": 2, "file_id": 6, "knowledge_revision": 12, "git_revision": "2a4241a6050b84e937f31ac25e2e3af99039ac85", "hash": "ee63333a4841bf025439c755a74c9881", "format-version": 4, "code-base-name": "database", "filename": "database/db_visualizer/public/index.html", "revision_history": [{"12": "2a4241a6050b84e937f31ac25e2e3af99039ac85"}]}