{"is_source_file": false, "format": "", "description": "", "external_files": [], "external_methods": [], "published": [], "classes": [], "methods": [], "calls": [], "search-terms": [], "state": 2, "file_id": 8, "knowledge_revision": 15, "git_revision": "2a4241a6050b84e937f31ac25e2e3af99039ac85", "hash": "0c9f36dfd1a6dee9fa952c06ab7d9563", "format-version": 4, "code-base-name": "database", "filename": "database/db_visualizer/package.json", "revision_history": [{"15": "2a4241a6050b84e937f31ac25e2e3af99039ac85"}]}