{"is_source_file": true, "format": "Python", "description": "This file implements an interactive command-line interface for managing and querying an SQLite database named 'myapp.db'. It provides commands for listing tables, displaying table schemas, describing table structures, executing arbitrary SQL queries, and help/exit commands.", "external_files": ["sqlite3", "sys"], "external_methods": ["sqlite3.connect", "cursor.execute", "cursor.fetchall", "cursor.fetchone", "sys.exit"], "published": [], "classes": [], "methods": [{"name": "print_help()", "description": "Prints help information about available commands in the shell.", "scope": "", "scopeKind": ""}, {"name": "list_tables(cursor)", "description": "Lists all non-internal tables in the database.", "scope": "", "scopeKind": ""}, {"name": "show_schema(cursor, table_name=None)", "description": "Shows CREATE statements for tables, either all or a specific one.", "scope": "", "scopeKind": ""}, {"name": "describe_table(cursor, table_name)", "description": "Displays the structure of a specified table, including columns and types.", "scope": "", "scopeKind": ""}, {"name": "execute_query(cursor, query)", "description": "Executes a given SQL query and displays results if applicable.", "scope": "", "scopeKind": ""}, {"name": "main()", "description": "Main loop for the interactive shell, handling user input and command execution.", "scope": "", "scopeKind": ""}], "calls": ["sqlite3.connect", "cursor.execute", "cursor.fetchall", "cursor.fetchone", "sys.exit", "print", "input"], "search-terms": ["db_shell", "interactive", "sqlite3", "command-line", "database shell", "myapp.db"], "state": 2, "file_id": 4, "knowledge_revision": 18, "git_revision": "2a4241a6050b84e937f31ac25e2e3af99039ac85", "ctags": [{"_type": "tag", "name": "DB_NAME", "path": "/home/kavia/workspace/code-generation/simple-to-do-list-301448-301459/database/db_shell.py", "pattern": "/^DB_NAME = \"myapp.db\"$/", "language": "Python", "kind": "variable"}, {"_type": "tag", "name": "describe_table", "path": "/home/kavia/workspace/code-generation/simple-to-do-list-301448-301459/database/db_shell.py", "pattern": "/^def describe_table(cursor, table_name):$/", "language": "Python", "kind": "function", "signature": "(cursor, table_name)"}, {"_type": "tag", "name": "execute_query", "path": "/home/kavia/workspace/code-generation/simple-to-do-list-301448-301459/database/db_shell.py", "pattern": "/^def execute_query(cursor, query):$/", "language": "Python", "kind": "function", "signature": "(cursor, query)"}, {"_type": "tag", "name": "list_tables", "path": "/home/kavia/workspace/code-generation/simple-to-do-list-301448-301459/database/db_shell.py", "pattern": "/^def list_tables(cursor):$/", "language": "Python", "kind": "function", "signature": "(cursor)"}, {"_type": "tag", "name": "main", "path": "/home/kavia/workspace/code-generation/simple-to-do-list-301448-301459/database/db_shell.py", "pattern": "/^def main():$/", "language": "Python", "kind": "function", "signature": "()"}, {"_type": "tag", "name": "print_help", "path": "/home/kavia/workspace/code-generation/simple-to-do-list-301448-301459/database/db_shell.py", "pattern": "/^def print_help():$/", "language": "Python", "kind": "function", "signature": "()"}, {"_type": "tag", "name": "show_schema", "path": "/home/kavia/workspace/code-generation/simple-to-do-list-301448-301459/database/db_shell.py", "pattern": "/^def show_schema(cursor, table_name=None):$/", "language": "Python", "kind": "function", "signature": "(cursor, table_name=None)"}], "hash": "7a5a132ab2db661e22c5eb4827332833", "format-version": 4, "code-base-name": "database", "filename": "database/db_shell.py", "fields": [{"name": "DB_NAME = \"myapp.db\"", "scope": "", "scopeKind": "", "description": "unavailable"}], "revision_history": [{"18": "2a4241a6050b84e937f31ac25e2e3af99039ac85"}]}