{"is_source_file": true, "format": "bash script", "description": "A comprehensive shell script designed to detect and back up different types of databases (SQLite, PostgreSQL, MySQL/MariaDB, MongoDB) by checking for running instances and executing appropriate backup commands.", "external_files": ["/usr/lib/postgresql/", "/var/run/mysqld/mysqld.sock"], "external_methods": ["ls", "cp", "sudo", "pg_isready", "pg_dump", "mysqladmin", "mysql", "mysqldump", "mongosh", "mongodump"], "published": [], "classes": [], "methods": [], "calls": ["ls", "cp", "sudo", "pg_isready", "pg_dump", "mysqladmin", "mysql", "mysqldump", "mongosh", "mongodump"], "search-terms": ["backup_db.sh", "database backup", "SQLite", "PostgreSQL", "MySQL", "mongosh", "database detection", "database detection shell script"], "state": 2, "file_id": 5, "knowledge_revision": 14, "git_revision": "2a4241a6050b84e937f31ac25e2e3af99039ac85", "hash": "d7da372b768c895a33088027314656c3", "format-version": 4, "code-base-name": "database", "filename": "database/backup_db.sh", "revision_history": [{"14": "2a4241a6050b84e937f31ac25e2e3af99039ac85"}]}