{"is_source_file": true, "format": "bash", "description": "This script automates restoring various types of databases (SQLite, PostgreSQL, MySQL, MongoDB) from backup files, detecting backup types and database availability.", "external_files": ["database_backup.db", "database_backup.sql", "database_backup.archive"], "external_methods": ["ls", "cp", "sudo", "mysqladmin", "mysql", "mongosh", "mongorestore"], "published": [], "classes": [], "methods": [], "calls": ["ls /usr/lib/postgresql/", "sudo -u postgres ${PG_BIN}/pg_isready", "psql", "mysqladmin ping", "mysql", "mongosh --port ${DB_PORT} --eval \"db.adminCommand('ping')\"", "mongorestore --port ${DB_PORT} --archive=database_backup.archive --drop --quiet"], "search-terms": ["restore_db.sh", "database restore script", "backup detection", "SQLite restore", "PostgreSQL backup", "MySQL restore", "MongoDB restore"], "state": 2, "file_id": 2, "knowledge_revision": 13, "git_revision": "2a4241a6050b84e937f31ac25e2e3af99039ac85", "hash": "d42c3e6cbc3bbd627e3c08afcf4183ec", "format-version": 4, "code-base-name": "database", "filename": "database/restore_db.sh", "revision_history": [{"13": "2a4241a6050b84e937f31ac25e2e3af99039ac85"}]}